"Date","Temperature","Depth"
"2016-02-01",5.13918931083754,39.0826128524495
"2016-02-01",3.27870883625001,30.2115119900554
"2016-02-01",4.90001604091376,34.9486743074376
"2016-02-01",3.22932541090995,28.5458158263937
"2016-02-01",6.30368198286742,43.5555067830719
"2016-02-01",5.2181420808658,39.2749035079032
"2016-02-01",3.73156433543191,31.840021488606
"2016-02-01",5.85486509241164,42.0648993198993
"2016-02-02",3.99056179914624,30.9123688093387
"2016-02-02",5.6654532790184,42.3126812309492
"2016-02-02",5.30745324632153,40.1566354685929
"2016-02-02",3.34538158075884,30.0012108235387
"2016-02-02",3.77018209351227,30.9557917354396
"2016-02-02",3.39786716811359,27.9601747621782
"2016-02-03",3.14219279410317,29.5948656230466
"2016-02-03",4.69268832653761,37.3321539881872
"2016-02-03",4.77724234424531,36.478133957251
"2016-02-03",3.33168511092663,27.8406705167145
"2016-02-03",4.9488724399358,36.6028994939988
"2016-02-03",8.00411639278754,42.7153034495423
"2016-02-03",3.18439871799201,27.0040491947439
"2016-02-03",3.36859553717077,28.7997215482173
"2016-02-03",5.19845175640657,39.8965076162713
"2016-02-04",2.43918434148654,27.2222278082045
"2016-02-05",2.7813506597653,28.5312448590994
"2016-02-05",4.13426040420309,33.0251062528696
"2016-02-05",7.00142320292071,42.0117739711422
"2016-02-06",2.94219142207876,33.2651706384495
"2016-02-06",3.94911159463226,42.945420441567
"2016-02-06",3.26165357716381,38.5404488787754
"2016-02-06",3.28007075022906,40.9101507443702
"2016-02-06",2.74201365038753,28.6524380557239
"2016-02-06",3.24892194783315,38.4760328646516
"2016-02-06",3.0535512663424,34.1698685269803
"2016-02-07",2.83268682174384,31.1166983889416
"2016-02-07",2.63157816240564,29.5005796842743
"2016-02-08",2.92890965156257,28.5472429655492
"2016-02-08",2.80365537172184,28.611060381867
"2016-02-08",3.76238923640922,39.3592064824188
"2016-02-08",3.38824891084805,43.5191108122235
"2016-02-08",3.79995513902977,40.8730118216481
"2016-02-08",4.02059991722927,41.2004766392056
"2016-02-08",2.97393631516024,33.7537623702083
"2016-02-09",2.71601788969711,28.0861739643151
"2016-02-09",3.12689126804471,38.8039759405656
"2016-02-10",3.41919040083885,44.2034266771516
"2016-02-10",2.68400817681104,33.9166738486383
"2016-02-10",2.71747434921563,28.9304404070135
"2016-02-11",3.18180872667581,37.4710562685505
"2016-02-11",3.0294196090661,32.3280120537383
"2016-02-11",3.55324856592343,44.6487624342553
"2016-02-11",3.25917222443968,40.1451060591498
"2016-02-11",3.3906646954827,45.3249649788486
"2016-02-11",3.29316132832319,41.2055904295994
"2016-02-11",3.50274780970067,44.6841897092527
"2016-02-11",3.38315963977948,43.990087835351
"2016-02-12",3.48098885007203,43.7437886812259
"2016-02-12",3.58875050004572,43.7557633024408
"2016-02-12",3.01656632889063,31.611407850869
"2016-02-12",2.82143085356802,33.3488728286466
"2016-02-12",3.8529994674027,37.9305189783918
"2016-02-12",2.84605060881004,27.7274244792061
"2016-02-12",3.28355964934453,34.9007757055806
"2016-02-13",4.70655861906707,36.4785572596593
"2016-02-13",3.45406542886048,45.7372317591216
"2016-02-13",4.50886014234275,34.9695728020743
"2016-02-13",3.73433630308136,43.3806968886638
"2016-02-13",3.70818950384855,44.4886494966922
"2016-02-13",4.82642804477364,34.8291393023683
"2016-02-13",4.04225653829053,34.3974928780226
"2016-02-13",3.7498354469426,42.1964946048101
"2016-02-13",3.55098961386829,39.9008925860981
"2016-02-14",3.30354221323505,26.4860944809625
"2016-02-14",4.2504540300928,30.0789546559099
"2016-02-14",4.33009237544611,30.2089310182491
"2016-02-14",3.68663949649781,27.27742918476
"2016-02-14",3.16500166682526,33.6663682101062
"2016-02-14",3.7809936712496,38.0341832002159
"2016-02-14",3.74108283575624,44.6551809889497
"2016-02-14",3.41281845532357,42.1673117558239
"2016-02-15",3.52410720698536,39.583480370813
"2016-02-15",3.41130607603118,45.8409788155695
"2016-02-15",5.71121792802588,31.885965275811
"2016-02-15",5.6231688275002,32.9296190476744
"2016-02-16",3.64884542329237,41.3199471740518
"2016-02-16",4.77739825537429,33.4473632237641
"2016-02-16",5.09088044017553,29.1733855406055
"2016-02-16",3.2475352297537,42.3966125634033
"2016-02-16",4.65316782705486,31.5468865254661
"2016-02-17",3.26063444651663,35.3206724175252
"2016-02-17",4.37552852416411,26.7707445941633
"2016-02-17",3.41559537434951,39.1451653400436
"2016-02-17",4.92594214500859,30.7251967942575
"2016-02-17",3.22212683120742,42.4863231782801
"2016-02-17",3.18010882996022,35.3618919948349
"2016-02-17",3.13226706013083,42.1797641816083
"2016-02-17",4.89813440861181,26.4482882501325
"2016-02-17",3.0382547115907,36.600114552537
"2016-02-18",4.41697493959218,29.2666727165924
"2016-02-18",4.68759590703994,30.8943478721194
"2016-02-18",3.04231334589422,34.3603703550762
"2016-02-18",4.66754338508472,30.0001837322488
"2016-02-18",4.87367909057066,30.3267326375935
"2016-02-19",3.40955846980214,41.16817651561
"2016-02-20",3.10445468164981,45.6912763887085
"2016-02-20",3.29876207327471,39.1243792080786
"2016-02-20",3.39483185606077,35.7621486331336
"2016-02-20",6.50873461700976,28.4196183636086
"2016-02-20",4.79183481549844,31.2738725722302
"2016-02-20",3.34673562375828,35.891931832768
"2016-02-20",6.61268045790494,27.7331590178655
"2016-02-20",3.29506539665163,41.2594834635966
"2016-02-20",3.33135663243011,39.2535835143644
"2016-02-21",3.37067081425339,42.0733129257569
"2016-02-21",3.64715431118384,35.2904027980985
"2016-02-21",3.14448538292199,33.6114006820135
"2016-02-21",3.4295856825076,38.4078949774848
"2016-02-21",3.37692198390141,42.4682234358042
"2016-02-21",3.39858993627131,42.2231935005402
"2016-02-21",3.47008269596845,40.1160437997896
"2016-02-21",3.66129102930426,37.5892922331113
"2016-02-21",3.14576924322173,44.9680605388712
"2016-02-22",3.38145014056936,42.8164635353023
"2016-02-22",3.30351867098361,42.2146846944233
"2016-02-22",3.52128898026422,38.9704206967726
"2016-02-23",4.23255424806848,28.1246343494859
"2016-02-23",5.38722181646154,29.5113446310861
"2016-02-23",3.70821289038285,35.9263717950089
"2016-02-23",3.98670152602717,33.2267092926195
"2016-02-23",3.20392546355724,42.6529603361851
"2016-02-23",3.960521615576,28.2669190784218
"2016-02-23",3.44481699494645,38.3465620103525
"2016-02-23",4.15184609293938,27.2176834878046
"2016-02-23",3.02931842831895,43.8952606405364
"2016-02-24",3.26494609741494,44.7671813209308
"2016-02-24",3.02714176466688,44.6687489663018
"2016-02-24",3.00867041023448,42.5901166776894
"2016-02-24",4.24046947024762,26.5732399690896
"2016-02-24",3.35700377896428,42.4929546385538
"2016-02-24",4.11504022097215,27.9881773807574
"2016-02-24",3.14137179581448,44.2478077193955
"2016-02-24",4.15005800146609,29.2915247273631
"2016-02-24",3.45570863476023,40.4447788895341
"2016-02-25",3.32902386300266,44.6365140398266
"2016-02-25",3.51897068759427,39.8165767793544
"2016-02-25",4.58155474225059,27.6220176257193
"2016-02-25",3.32682789154351,37.8721744688228
"2016-02-25",3.71585453962907,41.6230454456527
"2016-02-25",3.36453914055601,33.6593474806286
"2016-02-26",3.43095241645351,42.2176717664115
"2016-02-26",3.60957274995744,43.5238801275846
"2016-02-27",3.27733286414296,39.3638075143099
"2016-02-27",3.0710892801173,38.3569893277017
"2016-02-27",3.34871776029468,42.2578367819078
"2016-02-27",3.45193214053289,39.2297286794055
"2016-02-27",3.3228509443812,43.7391021711519
"2016-02-27",3.34677204107866,39.661555372295
"2016-02-28",3.89555014725775,31.4907094640657
"2016-02-29",4.27947715204209,31.4752637374913
"2016-02-29",3.89148751990869,33.7458183898125
"2016-02-29",3.32147928662598,39.3592913919128
"2016-02-29",3.81391391474753,34.4185327823507
"2016-03-01",3.24909961074591,39.7535178516991
"2016-03-01",4.17542223222554,31.2772116244305
"2016-03-02",3.21487621534616,37.6028289794922
"2016-03-02",3.27085522990674,34.742014966323
"2016-03-02",3.67273089643568,26.9630535217002
"2016-03-02",3.97111146282405,33.6305777839152
"2016-03-02",4.04809140823781,32.8411586348666
"2016-03-02",4.06765257855878,34.0390117672505
"2016-03-02",3.61207114700228,28.9298322276445
"2016-03-02",3.40200859066098,42.0062531476142
"2016-03-02",3.98035105094314,33.0035275814589
"2016-03-03",4.36035179393366,32.9483317019185
"2016-03-03",3.44323338083922,39.6347502958961
"2016-03-03",3.49804379148409,26.2445129642729
"2016-03-03",3.02577772801741,37.8882226479473
"2016-03-04",3.25490071522072,43.9243959812447
"2016-03-04",3.26749562527984,36.9024075043853
"2016-03-04",3.90061699962244,33.8483858838445
"2016-03-04",3.70446277158334,29.6306206907611
"2016-03-04",3.44613913400098,38.6658783614403
"2016-03-04",4.45087240021676,31.3186091926182
"2016-03-05",3.43376706773415,29.1913932673633
"2016-03-05",4.45002396190539,32.8182355406461
"2016-03-05",3.03622354865074,45.146190665313
"2016-03-05",3.95384993245825,35.5052783051506
"2016-03-05",4.20796231338754,35.600817255443
"2016-03-05",3.61988808279857,27.21291264717
"2016-03-05",3.27104803863912,44.8701286341529
"2016-03-05",3.93625251455232,34.2171529742191
"2016-03-06",3.7843162894249,31.6335527896881
"2016-03-06",3.36768605047837,38.8658973816782
"2016-03-06",3.12804389549419,40.8648841582472
"2016-03-06",3.28895514830946,45.0681624299614
"2016-03-06",3.30334007143974,35.4136829879135
"2016-03-06",3.88418701132759,33.8397055796813
"2016-03-06",3.21823117099702,42.8998201872455
"2016-03-06",3.40679690623656,42.2613599144388
"2016-03-07",3.17124963188544,43.8442350254627
"2016-03-07",3.53825998445973,29.3505017074058
"2016-03-07",3.12281946418807,41.1772155718645
"2016-03-07",3.15209015589207,41.1241448667133
"2016-03-07",3.25477813789621,38.4380381274968
"2016-03-07",3.20081864567474,43.9988805194153
"2016-03-07",3.18099218904972,41.1215668835212
"2016-03-07",3.02027066694572,38.5847360192565
"2016-03-07",3.82620312618092,28.3316499496577
"2016-03-08",3.21949632074684,35.7561284637777
"2016-03-08",3.41242988798767,45.5318089834182
"2016-03-08",3.23571725152432,27.3261424987577
"2016-03-08",3.42847288912162,29.2127251165221
"2016-03-08",3.20739956665784,43.0116421288112
"2016-03-08",3.51231317855417,26.8998142847558
"2016-03-08",3.09773152749986,45.3355476255529
"2016-03-08",3.308715857286,27.373573193443
"2016-03-08",3.3016937465407,42.5814968345221
"2016-03-09",4.32765942281112,32.9375732139451
"2016-03-09",4.12208738103509,30.7803476676345
"2016-03-09",3.21563947806135,42.6837868798757
"2016-03-10",3.38312628213317,34.74805682851
"2016-03-11",3.10710897222161,38.0169786909828
"2016-03-11",3.2122318203561,28.4425633581122
"2016-03-12",4.00951936384663,31.2890481839422
"2016-03-12",3.27398367384448,34.8824991611764
"2016-03-13",3.01173582496122,45.670458286535
"2016-03-13",4.10133972587064,33.0907637589844
"2016-03-13",3.37703912341967,37.5377059340244
"2016-03-13",3.44256314514205,39.4346666715574
"2016-03-13",3.49546714583412,36.4411335990299
"2016-03-13",3.46373703191057,36.858846738236
"2016-03-14",4.06345918476582,30.7055795365013
"2016-03-14",3.65022212564945,35.1267329354305
"2016-03-14",3.41308723129332,40.7969491766999
"2016-03-14",2.99124962463975,45.9090504787164
"2016-03-14",3.47466093385592,39.86848431197
"2016-03-14",3.72438012259081,33.8051562552573
"2016-03-14",3.13460374772548,45.9272774286801
"2016-03-14",3.35563435573131,27.6642346287845
"2016-03-14",3.48578428290784,26.8547259273473
"2016-03-15",3.49437163360417,27.0076162704499
"2016-03-15",3.5393357168883,35.4801965437364
"2016-03-15",3.51259195897728,35.553259009961
"2016-03-16",3.29571927096695,40.3302563473117
"2016-03-17",3.54870129972696,38.4534509255318
"2016-03-17",4.11089227618649,36.5022183508845
"2016-03-17",4.15479006096721,33.4675524733029
"2016-03-17",3.36893801558763,39.12892113626
"2016-03-17",3.87864082399756,34.9932428238681
"2016-03-17",4.07698082299903,33.5353971628938
"2016-03-18",3.21726818811149,43.3871930814348
"2016-03-18",3.61342458855361,28.906977311708
"2016-03-18",3.97734896717594,37.3817509090295
"2016-03-18",4.26045005731285,30.633363435627
"2016-03-18",3.84526825090871,35.5597319162916
"2016-03-18",3.2700310351327,41.0689151323168
"2016-03-18",3.01131018726155,44.0444832969224
"2016-03-18",3.17088374523446,39.6577239375329
"2016-03-18",3.05601370707154,39.9767924951157
"2016-03-19",3.72892693420872,27.862200081232
"2016-03-19",3.4316314458847,41.0418966251891
"2016-03-19",3.57804891467094,25.991906094132
"2016-03-19",4.24523996161297,32.8982892369386
"2016-03-20",3.89727601334453,31.2431167237228
"2016-03-20",4.01074113668874,36.5776418679161
"2016-03-20",3.67608683798462,37.6359241290484
"2016-03-20",4.24492428358644,34.1074123102007
"2016-03-20",3.85381196411326,28.5007986521814
"2016-03-20",3.23334114896134,41.6409181487979
"2016-03-20",3.54517474500463,41.0149019400124
"2016-03-21",3.43791460450739,41.0149019400124
"2016-03-22",3.974138597399,34.6341161059681
"2016-03-22",3.13618020517751,44.7720878820401
"2016-03-22",3.36839766548947,39.6763691519154
"2016-03-23",3.55130464490503,39.6763691519154
"2016-03-24",4.03813754078001,32.6282121395925
"2016-03-24",2.97651418345049,43.2300749410642
"2016-03-25",3.03600102337077,43.2300749410642
"2016-03-26",3.7658448454924,31.2138066696934
"2016-03-27",3.34958902522922,39.9136303410633
"2016-03-28",3.22275900011883,44.3361002434976
"2016-03-29",3.40425245026126,42.0788594367914
"2016-03-29",3.60731380041689,34.0721184830181
"2016-03-29",3.93611158449203,37.000041723717
"2016-03-29",3.8896122016944,26.1266180020757
"2016-03-29",4.06798042831942,25.6032641818747
"2016-03-29",4.0102247575298,31.8547515730606
"2016-03-29",3.35078241433949,44.2045827951515
"2016-03-30",3.94482330158353,25.6850592083065
"2016-03-30",3.5972394188866,40.7910445632879
"2016-03-30",3.96744961803779,27.2851212455425
"2016-03-30",3.35816033724695,42.1232240439858
"2016-03-30",4.15256665237248,27.6873968141153
"2016-03-30",3.94216046845541,29.864624727401
"2016-03-31",4.22318319119513,33.7653114154236
"2016-03-31",3.70776398219168,39.2263172649546
"2016-03-31",4.24493751553818,26.1427557492862
"2016-03-31",3.31562680499628,42.7835873125587
"2016-04-01",3.8740958574228,36.5638705327874
"2016-04-01",4.27636476987973,28.1616007667035
"2016-04-01",3.76981971990317,39.306856408366
"2016-04-01",3.56734455721453,38.7499131124932
"2016-04-01",3.78066313397139,38.8597029937664
"2016-04-01",3.91885405592621,37.1930078595178
"2016-04-01",4.14734680745751,26.6475264343899
"2016-04-01",3.78242598045617,32.5437176015694
"2016-04-01",3.97510966314003,35.3714499283815
"2016-04-02",3.88785085948184,37.2063931219745
"2016-04-02",3.51960280630738,39.2639472165611
"2016-04-02",3.99468650463968,35.488261726452
"2016-04-02",3.88177895052358,34.6484810671536
"2016-04-02",3.4891346485354,43.6559463316808
"2016-04-03",3.54140084888786,44.0970468634041
"2016-04-03",3.84120029509067,36.4957314536441
"2016-04-03",3.59520429018885,36.4311813674867
"2016-04-03",3.92248469982297,32.2879262190545
"2016-04-03",3.51727128392086,40.7150453444337
"2016-04-04",3.79104345124215,40.7150453444337
"2016-04-05",4.3145727025345,28.8231084201252
"2016-04-05",4.2743968530558,28.0697009875439
"2016-04-05",3.64007203187794,38.2325790297473
"2016-04-05",3.84235247932374,31.8164188595256
"2016-04-05",4.15277542145923,29.8478714424418
"2016-04-05",3.47138344421983,41.5704819140956
"2016-04-06",3.85211515566335,32.369687141967
"2016-04-07",3.75691067101433,44.0448300152784
"2016-04-08",3.72289698794484,30.488806865993
"2016-04-08",3.87044732756913,37.1441447022371
"2016-04-08",3.69369836160913,42.3963153256336
"2016-04-08",3.97596620293334,29.5136378607713
"2016-04-08",3.71219664504751,44.0442306409823
"2016-04-08",3.77472137352452,31.0895880574826
"2016-04-09",3.88136802008376,34.5116672636941
"2016-04-09",4.3579593830742,27.6548896201421
"2016-04-09",4.2509024893865,33.9670082668308
"2016-04-09",3.61893561379984,36.1335117113777
"2016-04-09",3.54556624945253,31.0883610886522
"2016-04-09",3.72879840973765,42.3317572001833
"2016-04-10",4.5562617645599,26.9148323249537
"2016-04-10",3.6163615591824,36.5208862787113
"2016-04-11",3.81131955198944,35.0369603983127
"2016-04-11",4.66826398866252,26.3362723595928
"2016-04-11",3.72523746397346,42.1563007581281
"2016-04-12",3.73333083251491,34.0958813130856
"2016-04-12",3.63321557203308,41.6442732426804
"2016-04-12",4.55381419053302,25.8943294992205
"2016-04-12",3.54695197166875,43.9749781846767
"2016-04-12",3.5931133300066,35.2268690583296
"2016-04-12",4.09215746270492,31.8299932846567
"2016-04-12",4.53082437254488,26.5921539355768
"2016-04-12",3.65070529133082,36.2306508606998
"2016-04-12",3.47093680165708,43.4953802732052
"2016-04-12",3.85756560899318,40.1786251795711
"2016-04-13",3.81490973103791,37.6515505743446
"2016-04-13",3.9006590067409,29.5406396185281
"2016-04-13",3.67595460386947,40.0165834869258
"2016-04-13",3.5484929815866,44.9222444307525
"2016-04-13",4.25894205356016,28.0987505771918
"2016-04-13",3.90935121728107,36.147492353688
"2016-04-13",3.6090889999643,42.1680919801584
"2016-04-13",3.79058855343611,34.4896363666048
"2016-04-14",3.59069189019501,37.8884103193413
"2016-04-14",3.62661104574799,37.1518867327832
"2016-04-14",3.52526315189898,44.7941908598877
"2016-04-14",4.85225414950401,26.4388957859483
"2016-04-14",3.63330583386123,41.2207603650168
"2016-04-14",3.58564546769485,36.2886850875802
"2016-04-14",3.40063204271719,43.996476747212
"2016-04-14",3.75361155048013,39.6066867060727
"2016-04-15",3.41494436245412,43.7572925280547
"2016-04-15",3.94452590094879,36.3794589944882
"2016-04-15",3.58937336895614,41.1340417502215
"2016-04-15",4.07624014345929,33.5990707717137
"2016-04-15",4.0235512911342,32.0501930919709
"2016-04-15",3.80443646553903,40.403551582247
"2016-04-15",3.73013562634587,31.0906637007138
"2016-04-15",3.70945723373442,40.4347743709804
"2016-04-15",3.53108555013313,40.6909926969092
"2016-04-16",3.90890308031812,35.5240199021064
"2016-04-16",3.92957534864545,32.4487875682535
"2016-04-16",3.68488951474428,36.4682832877152
"2016-04-16",3.52804306130856,41.8611837949138
"2016-04-16",4.91577209802344,26.7669100702042
"2016-04-16",3.54937420757487,45.3268156846752
"2016-04-17",4.5407640135847,27.5798275286797
"2016-04-17",3.90152993407101,30.5843641286483
"2016-04-17",3.78825406935066,33.6847505280748
"2016-04-17",3.83866345044226,34.1537568578497
"2016-04-18",3.686568930652,34.1537568578497
"2016-04-19",3.88597343955189,42.1322511780309
"2016-04-19",3.71761695230379,43.6811202768004
"2016-04-20",3.75612934892997,40.5679280107142
"2016-04-20",3.49732215115801,44.299508128548
"2016-04-20",3.62025951575488,44.6875809830381
"2016-04-21",3.53148982794955,44.6875809830381
"2016-04-22",3.6621990392916,44.2458380338503
"2016-04-22",3.81552048726008,45.8670838746475
"2016-04-22",4.22309086676687,38.0038694210816
"2016-04-22",4.47152647674084,29.4786734294612
"2016-04-22",4.03906249115244,39.2457417073892
"2016-04-22",4.53387344256044,26.5557181092445
"2016-04-22",3.50371656203643,45.1912303441204
"2016-04-23",4.60173966800794,41.1488724515075
"2016-04-23",4.3939778261818,41.9171434920281
"2016-04-23",4.45065109897405,35.0665284129791
"2016-04-23",4.58446687748656,38.6377055124613
"2016-04-23",4.63253785390407,38.3939085813472
"2016-04-23",4.68012642757967,31.4765644345898
"2016-04-23",4.55832499712706,38.4226761674508
"2016-04-24",5.8329620340839,27.7457302181283
"2016-04-24",4.53203433714807,37.7478403871646
"2016-04-25",4.47465629531071,42.8052631530445
"2016-04-25",6.7804003238678,28.5366178015247
"2016-04-25",4.53920302717015,40.560370133142
"2016-04-25",6.12052718289197,33.4717779661296
"2016-04-25",4.47828896977008,35.1173691044096
"2016-04-25",4.57138386564329,41.2920918024611
"2016-04-26",4.59032565867528,41.6641310094856
"2016-04-26",4.53536963667721,41.86565508286
"2016-04-26",4.31943498440087,45.5789287155494
"2016-04-26",6.49569659736008,27.4257940100506
"2016-04-26",4.55578342657536,42.429860147764
"2016-04-26",4.15976301152259,32.0705205022823
"2016-04-26",4.43344058208167,45.1828592928359
"2016-04-26",4.21639026608318,30.9640893462347
"2016-04-26",4.80022025508806,34.9372958856402
"2016-04-27",4.34190884064883,45.4670248957118
"2016-04-27",4.90038557033986,35.3128260812955
"2016-04-28",4.512819359079,45.7219832662959
"2016-04-28",4.70673174997791,41.5762244804064
"2016-04-28",4.13960522189737,33.3770308179082
"2016-04-28",4.49859347250312,40.3740195822902
"2016-04-28",4.14860501335934,30.7550493567251
"2016-04-28",4.45444118417799,41.2343255575979
"2016-04-28",6.07682762639597,27.3152068696218
"2016-04-29",4.76172103108838,40.3188544079894
"2016-04-29",4.30685373758897,33.4738583455328
"2016-04-29",4.39081339994446,30.4069426638307
"2016-04-29",4.41069680210203,29.542188747786
"2016-04-29",4.77880506338552,40.0402337802807
"2016-04-30",4.63821301013231,43.7507776514394
"2016-04-30",5.00488861426711,41.6290156381438
"2016-04-30",4.93683426463976,41.7593868115218
"2016-04-30",4.5359449788928,43.6621259084204
"2016-04-30",4.81060533197597,45.3234254264971
"2016-04-30",5.27357705105096,26.5501608919585
"2016-04-30",4.80042937267572,35.4851500431541
"2016-04-30",4.81989980898798,31.1697031535441
"2016-04-30",5.46881953896954,27.0034714228241
"2016-04-30",4.92870068280026,39.3705891020363
"2016-05-01",4.8570378281176,41.4487718745368
"2016-05-01",4.50841291230172,29.87855863187
"2016-05-01",4.32326277112589,34.2509471264202
"2016-05-02",5.00226120417937,40.6332692210563
"2016-05-02",5.0523654458113,40.2669953668956
"2016-05-02",4.2421387411654,30.0660184294684
"2016-05-02",4.59911238141358,42.7524082441814
"2016-05-02",5.07403089860454,39.726573877153
"2016-05-02",4.19321036096662,27.8183764243731
"2016-05-02",4.43555671209469,36.2192770984257
"2016-05-02",5.00424399757757,41.2671761251986
"2016-05-03",4.57773655643686,29.2701598472195
"2016-05-03",4.55260503683239,28.8443824681453
"2016-05-04",4.20233980733901,34.2160371748032
"2016-05-04",4.24821505118161,33.9854822610505
"2016-05-04",4.40864664260298,34.2099105368834
"2016-05-04",4.48926020413637,42.954440443893
"2016-05-04",4.35496104247868,38.3418081904529
"2016-05-05",4.72813036777079,31.0055542148184
"2016-05-05",4.649383384455,36.9702357557835
"2016-05-06",5.03514875816181,32.4162549974862
"2016-05-06",4.75986478989943,41.6832373683574
"2016-05-06",4.36067367177457,35.1823364493903
"2016-05-06",4.86181540982798,40.6098544283304
"2016-05-06",5.86554509438574,28.0216577134561
"2016-05-06",4.5201186160557,40.9467853761744
"2016-05-06",4.91303563565015,42.3760648996104
"2016-05-06",6.12299315594137,26.5526391802123
"2016-05-06",5.03017480755225,31.6366813984932
"2016-05-06",4.62463948950171,42.133388743503
"2016-05-07",4.2725074455142,30.0203543559182
"2016-05-07",4.54686853010207,43.8164875415387
"2016-05-07",4.21684047095477,38.1756083633518
"2016-05-07",4.23956187199801,38.9114978250582
"2016-05-07",4.40858510648832,39.7327714178246
"2016-05-08",4.63630170598626,30.0510894983308
"2016-05-08",5.41372111365199,26.664896005881
"2016-05-08",4.78557310057804,42.4584612182807
"2016-05-08",4.59313783887774,42.645835175761
"2016-05-08",4.89710112176836,29.747619402362
"2016-05-08",4.57403624365107,34.803486421355
"2016-05-08",4.86426724959165,39.5692935215775
"2016-05-08",5.0453672785312,38.8615524992347
"2016-05-09",4.88360735420138,29.9808993262704
"2016-05-09",4.81527870548889,42.2188312322833
"2016-05-09",5.15319193191826,29.8852738852147
"2016-05-09",4.27904066797346,35.5351488519227
"2016-05-09",4.22223039008677,36.398512577638
"2016-05-09",4.60129096107558,42.1936378349783
"2016-05-09",4.8786174104549,43.3142036929494
"2016-05-09",5.23236211556941,29.5699748856714
"2016-05-10",5.12465738393366,41.4723112911452
"2016-05-10",4.9421753032133,43.2291899992852
"2016-05-10",5.32059505060315,39.0925753392512
"2016-05-10",5.22986537562684,41.5455904246774
"2016-05-10",4.93264619149268,32.7215397657128
"2016-05-10",4.91627519642934,32.0995967542985
"2016-05-11",4.14673159634694,34.1464618154569
"2016-05-11",4.52150931060314,32.0176782867638
"2016-05-11",6.45021843500436,26.3475884627551
"2016-05-11",4.92040197886527,38.6511010298273
"2016-05-11",4.91359674725681,35.595602460322
"2016-05-11",4.53585731582716,32.5663333021803
"2016-05-11",4.73099100198597,37.9394592104945
"2016-05-11",4.95929512353614,39.943328719819
"2016-05-12",5.54598536090926,37.455243170727
"2016-05-12",5.61976994303987,34.5305325011723
"2016-05-12",5.75837873388082,36.2684088707902
"2016-05-12",4.88206623950973,38.1588194789365
"2016-05-12",5.73918882403523,36.6019028391456
"2016-05-12",6.27833652170375,29.0112036915962
"2016-05-12",4.23733815494924,30.7731835432351
"2016-05-12",6.3383485420607,27.4424091912806
"2016-05-13",6.05560207692907,28.1289238518802
"2016-05-13",5.29945194795728,37.2747017354704
"2016-05-14",5.39344780854881,37.2747017354704
"2016-05-15",4.2906537075527,33.514253362664
"2016-05-15",4.66816465854645,37.1587969626999
"2016-05-15",4.55476348595694,39.7417945715133
"2016-05-16",6.64359654132277,27.0367775318446
"2016-05-16",5.15769664430991,41.5276098044124
"2016-05-16",4.79766442663968,38.6960361844394
"2016-05-16",5.88040210651234,30.0607613869943
"2016-05-16",4.85310052670539,39.5976173907984
"2016-05-17",5.07682793289423,39.033082660404
"2016-05-17",4.88998148264363,40.9958649119362
"2016-05-17",4.99558130381629,39.1188720767386
"2016-05-17",4.66616029646248,37.002585178474
"2016-05-17",4.774269182235,38.0006608151598
"2016-05-17",5.22157659996301,32.1548768961802
"2016-05-17",4.48223830787465,37.0747313556494
"2016-05-17",5.63060687817633,29.9142979992321
"2016-05-17",5.59244511341676,30.223416110035
"2016-05-18",6.22982934722677,38.3144411437679
"2016-05-18",4.91295207440853,29.158713735058
"2016-05-18",6.33499660007656,37.2903134993976
"2016-05-18",6.04288412611932,41.4089537715772
"2016-05-18",6.14159346604719,42.6478372776182
"2016-05-18",6.08958822274581,39.3455495915841
"2016-05-18",4.82596687646582,30.0549474922009
"2016-05-19",6.75939755998552,39.6184523379197
"2016-05-19",7.32122420752421,30.0550869469298
"2016-05-19",6.96427288521082,32.1912502625491
"2016-05-19",6.8847137185745,37.0980709317373
"2016-05-19",8.36801421707496,25.5456969697261
"2016-05-20",8.71504751034081,29.3689893396804
"2016-05-20",8.52220193073153,28.9624615174253
"2016-05-20",7.07965329075233,34.2827880972764
"2016-05-20",8.02159927198663,31.9320707953302
"2016-05-20",8.59557891748845,27.3032214465784
"2016-05-20",8.66692544110119,28.1141583670396
"2016-05-20",6.90881153913215,33.7202244182117
"2016-05-20",8.59395864401012,29.1450387516525
"2016-05-20",7.07319732904434,39.2350829901407
"2016-05-21",7.34486529938877,32.1457698150771
"2016-05-22",7.95405038837344,37.6580170171801
"2016-05-22",7.33028278751299,29.4615297028795
"2016-05-22",7.27819167636335,28.4619024082785
"2016-05-23",7.59057113444432,38.2276833490469
"2016-05-23",9.02316192593426,24.7481210402912
"2016-05-24",7.21660290267319,38.0294251774903
"2016-05-24",7.08601912679151,32.178594792611
"2016-05-24",7.89382174108177,23.8784272228368
"2016-05-24",6.82557732956484,31.4062537328573
"2016-05-24",7.21495279734954,42.1814306940651
"2016-05-25",7.47258176896721,36.3132242509164
"2016-05-25",6.58885467089713,26.3477534670383
"2016-05-25",7.46752022188156,40.759900901583
"2016-05-25",7.34939512396231,35.4473056107527
"2016-05-25",7.30753893805668,37.4993442506529
"2016-05-25",7.18471215441823,36.7603844894329
"2016-05-26",7.18945529274643,36.7909320464823
"2016-05-26",6.74373414665461,34.3412191148382
"2016-05-26",9.09259821390733,25.4422266248148
"2016-05-26",8.85153247173875,24.1909923421917
"2016-05-27",5.79910098072141,32.4840865603182
"2016-05-27",9.26398634416983,20.7531139664352
"2016-05-28",6.53808717383072,31.170559507329
"2016-05-28",6.71369125135243,31.182393064606
"2016-05-29",6.27217614436522,29.7970532800537
"2016-05-29",7.10959158800542,31.3482936195796
"2016-05-29",8.20261277975515,22.3110551333521
"2016-05-30",8.98290388239547,19.8973129846854
"2016-05-30",5.03773777261377,27.6987117677927
"2016-05-30",6.99019090207294,24.5744851360796
"2016-05-30",7.32440883833915,22.6753484316869
"2016-05-31",6.66199150038883,22.5654902588576
"2016-06-01",8.97385936761275,12.5334366079187
"2016-06-01",7.98724813302979,18.7845048753079
"2016-06-02",9.8604863951914,10.5611739407759
"2016-06-02",6.37804145636037,26.3620463605039
"2016-06-03",8.77477242834866,17.9579742951319
"2016-06-03",8.64068370833993,20.2539382129908
"2016-06-03",7.31382517796009,22.8899079728872
"2016-06-03",6.22711292160675,28.284227645956
"2016-06-04",6.07064367197454,28.1215532668866
"2016-06-04",5.99435801720246,33.7855193269206
"2016-06-04",9.15794716691599,18.1882875888841
"2016-06-04",7.6575543670915,22.9170921607874
"2016-06-04",7.45817897133529,25.1464167070808
"2016-06-04",6.23576178019867,30.3105727814836
"2016-06-04",8.32325196377933,21.6572017145809
"2016-06-04",8.68854774357751,20.5388496523956
"2016-06-04",9.43183264452964,16.8951381479856
"2016-06-05",8.55814165268094,20.6412342209369
"2016-06-05",7.54141839118675,24.6741639354732
"2016-06-05",8.49236745182425,18.8997711224947
"2016-06-05",6.13583499155939,35.4130526549416
"2016-06-05",8.39613710688427,20.0277927521383
"2016-06-05",6.54706799807027,25.6550794505747
"2016-06-05",6.32892344351858,37.0798779838951
"2016-06-05",6.39466610485688,29.5015267026611
"2016-06-06",7.70311881406232,20.4597799811745
"2016-06-06",6.63339834716171,22.3281754074851
"2016-06-06",8.34885788243264,18.404414338991
"2016-06-06",6.10096976365894,27.3430799968773
"2016-06-06",5.67173223095014,25.4662096017273
"2016-06-07",5.66989156091586,22.8914231810486
"2016-06-07",6.37638777438551,33.3582725570304
"2016-06-07",6.11771099334583,28.8664864966413
"2016-06-07",6.03960720412433,37.3228107469622
"2016-06-07",5.84650008743629,24.3395850546658
"2016-06-07",6.70318439425901,21.7284178627888
"2016-06-07",6.07645387947559,31.0338643605355
"2016-06-08",6.49184382967651,31.8482749951072
"2016-06-08",6.24583776555956,38.1351005281322
"2016-06-09",6.61918658390641,23.6886560595594
"2016-06-09",8.82829240793362,17.9661469897255
"2016-06-09",6.37974102329463,33.6656551178312
"2016-06-09",6.61567572997883,31.2157743260032
"2016-06-09",6.25339550692588,34.5916419835994
"2016-06-09",6.41613599155098,29.3844522687141
"2016-06-09",8.93683551866561,19.0920582856052
"2016-06-09",6.4506742240861,28.0367886985186
"2016-06-09",8.93844473091885,19.8863633001456
"2016-06-10",16.0145995697006,8.60811255243607
"2016-06-10",8.21414293227718,20.9146683140425
"2016-06-10",16.2297829363495,7.10397357528564
"2016-06-10",9.36169270193204,13.6241094815778
"2016-06-11",15.3202631204389,6.62623962014914
"2016-06-11",15.0477214880287,10.2475612265989
"2016-06-11",8.87672176398337,14.6606599972583
"2016-06-11",10.6621112125926,13.1078346747672
"2016-06-11",15.3043964044191,7.60579069692176
"2016-06-11",14.9010449684225,9.92941854696255
"2016-06-11",8.29305290076882,21.0238455510698
"2016-06-11",7.53773225368932,22.4709466665518
"2016-06-11",14.884111043904,10.2645289754728
"2016-06-11",9.35572418402881,14.0419144199695
"2016-06-12",7.14587030494585,25.0353226042353
"2016-06-13",9.08743565902114,15.4566734698601
"2016-06-14",14.2832123202271,9.68653918104246
"2016-06-15",13.4910268564708,16.600996021647
"2016-06-15",13.2904975492507,16.3492968449136
"2016-06-16",8.3946410972625,17.6619877179619
"2016-06-16",9.07615981306881,16.1088226388674
"2016-06-16",12.5002650746145,11.6174492370337
"2016-06-16",9.07344070551917,16.732287183986
"2016-06-16",9.42154210181907,15.9431578039657
"2016-06-16",8.19501952836291,18.7714875889942
"2016-06-16",12.5113903700375,10.9611674993066
"2016-06-16",14.1143079432659,4.16180782730225
"2016-06-16",9.05143400710076,14.7594159097644
"2016-06-16",13.8433793491684,5.8651208988158
"2016-06-17",14.0907425061799,5.2014792667469
"2016-06-17",13.2533595014363,9.28762578091118
"2016-06-18",13.7064684747719,5.51725589903072
"2016-06-18",13.048801404424,12.7358139541466
"2016-06-18",14.2795144091361,5.38660541269928
"2016-06-18",14.0470896218904,6.19074533053208
"2016-06-18",13.7302880515345,5.55355613597203
"2016-06-18",13.5841723229736,8.08935643895529
"2016-06-19",13.6187258608639,8.08935643895529
"2016-06-20",15.9722349205054,6.20548176101875
"2016-06-20",16.0434603813104,3.97627282631584
"2016-06-20",15.9186892163008,4.28955985547509
"2016-06-21",16.0849736008793,8.63595842313953
"2016-06-22",11.1763209846802,14.8670630329289
"2016-06-23",15.6953974281438,11.1943620966049
"2016-06-24",9.19388106130063,21.6972927792231
"2016-06-24",7.12161779170856,28.29086209042
"2016-06-24",6.83530766861514,30.9400940034539
"2016-06-24",14.5332808708772,14.6430718145566
"2016-06-24",6.61874126084149,30.8346763006411
"2016-06-24",7.03298277119174,26.9401893771719
"2016-06-24",6.54209636775777,31.6912119006738
"2016-06-24",7.22646195525303,28.5602467576973
"2016-06-24",14.6149421690964,14.9008427654626
"2016-06-25",8.61314207538962,23.293683162774
"2016-06-25",15.300723417569,13.8043489209376
"2016-06-25",7.76478193411604,25.5735939363949
"2016-06-25",7.32893692720682,30.2261070898967
"2016-06-26",5.10556222200394,43.7778721028008
"2016-06-26",5.62806243719533,34.5315619868925
"2016-06-27",5.86179998051375,33.2522282251157
"2016-06-27",5.42630445249379,35.6671237664996
"2016-06-27",6.55850060703233,28.142271589837
"2016-06-27",5.70111139342188,38.5438377966639
"2016-06-27",5.69504075404257,32.899178041378
"2016-06-27",5.63960702940822,31.6464043866144
"2016-06-28",5.16969288913533,42.159544733353
"2016-06-28",6.08171416642144,35.3459839726565
"2016-06-29",9.5428686500527,24.6342845279723
"2016-06-30",18.2854659863747,2.03429375530686
"2016-06-30",18.1514016295783,8.04671449284069
"2016-06-30",17.2016871259548,11.8424055961659
"2016-07-01",17.5959381812252,10.6781508468557
"2016-07-01",17.4709289687686,13.4993225291837
"2016-07-01",11.9065851121209,18.8206295919372
"2016-07-01",17.4648901977577,13.133594275103
"2016-07-02",17.7506588263437,10.5903584741754
"2016-07-02",15.2743789421395,13.8541592687834
"2016-07-03",9.23172256350517,24.4695440365467
"2016-07-03",7.55972649464384,27.6176880294224
"2016-07-03",6.31178176291287,35.0986522684107
"2016-07-04",6.03342225560919,37.9710602860432
"2016-07-05",5.72422213293612,38.7427102648653
"2016-07-05",4.98571942858398,54.5299673449481
"2016-07-05",5.40760225895792,39.4871624347288
"2016-07-06",4.74404237493873,51.7010634377366
"2016-07-06",5.42994228936732,41.4809269710677
"2016-07-06",4.80417396705598,52.2204629547196
"2016-07-06",5.20118806725368,42.2961793493014
"2016-07-06",5.30643988084048,44.6680629114853
"2016-07-06",4.86672630328685,54.8432009263197
"2016-07-06",5.41813285946846,38.7552460675361
"2016-07-07",4.92775926785544,42.2089856307721
"2016-07-07",4.88618584582582,51.5887416871265
"2016-07-07",4.83219438297674,52.1561803760706
"2016-07-07",5.06440136115998,55.8586542907869
"2016-07-07",5.16963368980214,56.817945330753
"2016-07-07",4.66478677652776,52.9669147174573
"2016-07-07",4.9755013496615,44.8955426804023
"2016-07-08",5.04472930617631,48.5581839720253
"2016-07-08",4.88428749274462,50.3050310228718
"2016-07-08",4.92647866588086,54.4190237581497
"2016-07-08",4.665522358194,54.4013023864245
"2016-07-08",4.78390928255394,49.2379091423936
"2016-07-08",4.84244677899405,55.3430437603965
"2016-07-09",4.87590843960643,50.9523839034373
"2016-07-09",4.90027051139623,45.9313043729635
"2016-07-10",5.00405097566545,40.821310797357
"2016-07-10",5.04090244248509,46.5887764720246
"2016-07-10",5.10227412963286,57.2748382313875
"2016-07-10",4.65623532216996,53.485278910026
"2016-07-10",4.73768081944436,55.2170161879621
"2016-07-10",5.48207483235746,59.1595927567687
"2016-07-11",4.81327425716444,47.8474921634188
"2016-07-11",4.79893277715891,48.318021842977
"2016-07-11",4.93813417861238,47.4189727774356
"2016-07-12",5.13126779384911,57.676983359037
"2016-07-12",4.98813813766465,60.6757303263294
"2016-07-12",5.79815204134211,65.7199132831302
"2016-07-12",5.35744461007417,59.3361723072594
"2016-07-12",4.92192669799552,51.7271537713241
"2016-07-12",4.84795289719478,53.4145417775726
"2016-07-12",5.43873520931229,64.1194914624793
"2016-07-13",5.17582188490778,58.9710915294709
"2016-07-13",5.90000463733449,66.6329838576494
"2016-07-13",4.76984963230788,50.8758163829334
"2016-07-13",4.77278267815709,51.9280740062241
"2016-07-14",5.25409948425367,59.5575046781451
"2016-07-14",4.74395167510957,51.184246738092
"2016-07-14",5.49001635536551,69.7021057101665
"2016-07-14",4.98995996508747,60.0961246901425
"2016-07-14",4.89211141010747,55.8009506225353
"2016-07-14",5.21163681186735,60.275556035107
"2016-07-15",4.66357408827171,52.6961548631079
"2016-07-15",4.88943189615384,56.1668568096356
"2016-07-15",5.69628558782861,64.659016044694
"2016-07-15",4.66837074412033,56.4172107530758
"2016-07-15",4.83924199314788,50.5628213845193
"2016-07-15",4.99304300555959,51.2615572201321
"2016-07-15",4.88503230372444,54.6786235565087
"2016-07-15",4.84013325488195,51.0215073322179
"2016-07-15",5.38401442021132,65.8566467164783
"2016-07-15",5.60862046629191,63.0105219222605
"2016-07-16",5.45399771928788,66.0465941781877
"2016-07-16",4.72670262372121,52.0462356605567
"2016-07-16",5.52110347403214,65.9131148854503
"2016-07-16",5.43221765812486,59.6616524063284
"2016-07-16",5.49961161222309,65.3571651119273
"2016-07-16",5.04742754334584,56.1276761555346
"2016-07-17",5.57520859129727,61.98520230141
"2016-07-17",5.5488114465028,62.6945398978423
"2016-07-17",4.7962749902159,49.7767973794835
"2016-07-17",4.7651832411997,51.30960770417
"2016-07-17",5.02172254463658,57.2343449684558
"2016-07-17",5.05392124541104,47.6402261588955
"2016-07-18",5.18006895808503,60.6354580314364
"2016-07-18",5.35649370010942,59.8230540187797
"2016-07-18",5.12081840550527,58.4973118662601
"2016-07-18",5.31201800787821,60.1364243741846
"2016-07-18",5.06884964630008,49.0932436694857
"2016-07-18",4.96696875039488,52.3045940725133
"2016-07-19",4.96341173006222,54.5625913714757
"2016-07-19",4.85487440414727,52.4723932564957
"2016-07-19",4.82519796378911,53.8423203709535
"2016-07-19",4.89532986432314,48.1638200625312
"2016-07-19",4.94637293964624,46.4966158813331
"2016-07-19",5.17152381166816,54.1714238956338
"2016-07-19",5.10268479874358,56.3887032615021
"2016-07-19",4.83274120390415,57.1469866210828
"2016-07-20",5.54665388716385,62.0667047995375
"2016-07-20",5.22148203281685,60.9917891342193
"2016-07-21",5.00309145376086,54.0906620587921
"2016-07-21",4.90117644574493,46.3701100876788
"2016-07-21",4.95186078166589,50.7353352219798
"2016-07-21",5.26312162661925,59.8333582362393
"2016-07-21",4.9249893059954,48.806558718672
"2016-07-21",5.42617490906268,61.9378253839677
"2016-07-22",4.89454266019165,48.7523221599404
"2016-07-22",5.04022086709737,52.0362370603252
"2016-07-22",5.51838942430914,62.3416374381632
"2016-07-22",5.00443411581219,55.9454252524301
"2016-07-22",5.16816164916382,55.2965718726628
"2016-07-22",4.98996622860432,54.02086044522
"2016-07-23",5.75848623458296,65.6732869561529
"2016-07-23",5.507305515185,62.253065777244
"2016-07-23",4.79689118228853,54.4337308710674
"2016-07-24",5.63356033777818,66.7386017050594
"2016-07-24",5.55596454720945,58.6172739015892
"2016-07-24",4.93817890416831,51.0679310503183
"2016-07-24",4.93664685394615,57.9642534558661
"2016-07-24",5.6857554060407,66.9363336147508
"2016-07-24",5.436432481464,61.1674048523419
"2016-07-24",5.22301353346557,60.3411178780952
"2016-07-24",5.56026493832469,59.8066523693269
"2016-07-24",5.98600360741839,64.7532191900536
"2016-07-24",5.97230654237792,64.2611367614008
"2016-07-25",4.86446770867333,57.0154660720145
"2016-07-25",4.9623431429267,58.0355689720018
"2016-07-25",6.04803905598819,63.004157358082
"2016-07-25",5.55193603523076,60.4625015486963
"2016-07-26",5.92468265350908,67.0909439179813
"2016-07-27",4.8322467896156,53.1136251888238
"2016-07-27",5.08522892147302,53.6199785525678
"2016-07-27",5.11381984576583,53.9104028585134
"2016-07-27",5.21734576169402,56.772431247402
"2016-07-28",5.280228412617,52.2398097024998
"2016-07-28",5.45211385954172,50.5697141918354
"2016-07-28",5.61251996345818,53.5682096276432
"2016-07-28",6.23835980668664,55.282868552953
"2016-07-28",5.0946044234559,49.1152290534228
"2016-07-28",5.94699298432097,57.4514282484306
"2016-07-29",6.10685540400445,62.0443800957873
"2016-07-29",6.1539490324445,67.2206115837907
"2016-07-29",6.08515001414344,58.7938069170341
"2016-07-29",5.8893710068427,68.376533767092
"2016-07-29",6.12670386983082,61.2568257057574
"2016-07-29",5.94277272848413,60.9199496897636
"2016-07-29",5.98993629561737,59.0530136055313
"2016-07-29",5.63252228852361,53.9752456451533
"2016-07-30",4.95007467633113,49.8693099578377
"2016-07-30",5.61521370746195,58.6786664581159
"2016-07-30",4.93142582541332,55.0411767768674
"2016-07-30",5.02326223449781,55.761363098165
"2016-07-31",6.03193136071786,66.0304189129965
"2016-07-31",5.0284099675715,55.5713804429397
"2016-07-31",4.84286221293732,52.3340637602378
"2016-07-31",5.02156404536217,52.7364060651744
"2016-07-31",5.0540002996102,58.3823829226894
"2016-07-31",4.91636622119695,55.0636597351404
"2016-07-31",4.97421889128164,56.1821535695344
"2016-08-01",5.30931151127443,57.8869522643508
"2016-08-01",5.70796327106654,59.9427639764035
"2016-08-01",5.57963768541813,65.3844364843098
"2016-08-01",5.70560626797378,63.0311634279788
"2016-08-01",5.06103173736483,50.0465151601238
"2016-08-01",4.85588477402925,52.8978918369394
"2016-08-01",5.08107086932286,57.2404804270482
"2016-08-01",5.40392489228397,58.8508232739987
"2016-08-02",5.20894350819289,61.0463084833464
"2016-08-02",4.96813036072999,53.3116552534048
"2016-08-02",5.12841896647587,54.3269546107622
"2016-08-02",5.20600196653977,61.1892401722725
"2016-08-02",5.02164439624175,63.838849194115
"2016-08-02",4.97587902350351,45.8067394474056
"2016-08-02",5.28162697991356,55.1493972862372
"2016-08-03",5.49357131766155,55.1493972862372
"2016-08-04",4.88851784933358,54.8609468893846
"2016-08-04",5.15264088334515,56.886212692596
"2016-08-04",5.15060054231435,62.494729006663
"2016-08-04",5.01466919975356,47.1139425650472
"2016-08-04",4.91222609849647,49.5577593146591
"2016-08-05",5.11903896452859,56.2166890648659
"2016-08-05",5.10699571371079,56.7778509624768
"2016-08-05",5.02907318165525,53.7824021808337
"2016-08-05",5.23199085593224,60.4922697782749
"2016-08-05",5.09860419323668,43.0004434811417
"2016-08-06",4.95784322973341,52.7033319869079
"2016-08-06",5.71978437686339,63.4072253766935
"2016-08-06",5.36874996395782,58.9531742602121
"2016-08-06",5.50118993464858,59.6573774380377
"2016-08-06",5.09692849628627,51.2175583585631
"2016-08-06",5.17518391599879,51.230496468721
"2016-08-06",5.20907653970644,59.9404555999208
"2016-08-06",5.31102666864172,56.7687116374727
"2016-08-06",4.95511728497222,49.1838453997625
"2016-08-07",5.10336281992495,49.1838453997625
"2016-08-08",5.30351426843554,60.8334546801634
"2016-08-08",5.6547755449079,64.6581519796746
"2016-08-08",5.08129142755643,58.1993052125908
"2016-08-08",5.15550800943747,58.2979990417371
"2016-08-08",5.12341658929363,60.0155437166104
"2016-08-08",5.16286335475743,59.8873024089262
"2016-08-09",4.84717490663752,53.4885479010409
"2016-08-09",4.96307478416712,56.6653421022929
"2016-08-09",5.68409972405061,65.5247265445068
"2016-08-09",5.96928746607154,66.232274912647
"2016-08-09",5.68598684566095,64.4038711672183
"2016-08-09",5.06251967744902,56.1630719107343
"2016-08-10",5.1857666855678,50.6604291509138
"2016-08-10",5.46567533677444,60.4639629607555
"2016-08-10",4.9474660593085,45.1016100526322
"2016-08-10",4.8631981831044,45.9236483735731
"2016-08-11",5.6330954852514,63.7146351438714
"2016-08-11",5.19590061511844,57.2982955586631
"2016-08-11",4.86636704299599,52.5518267942825
"2016-08-12",5.09420589730144,52.5518267942825
"2016-08-13",5.02125432156026,48.1906142724911
"2016-08-13",5.52436867216602,56.3072396707721
"2016-08-13",5.83261781502516,63.7013720322866
"2016-08-13",5.92286991914735,64.7368929573568
"2016-08-13",5.36942182136699,53.6923054679064
"2016-08-14",5.38839431591332,54.1735996996285
"2016-08-14",6.22442404804751,63.0564858206781
"2016-08-14",5.07906714417041,50.2717077593552
"2016-08-14",5.70530940704048,55.6023707572604
"2016-08-14",5.49455933645367,52.0042626133654
"2016-08-14",4.90665571428836,47.4467246719869
"2016-08-15",6.07205979814753,52.480717564933
"2016-08-16",5.06485858066007,47.222768083564
"2016-08-16",4.99757337933406,49.5590255282586
"2016-08-17",6.23094347845763,60.2646436643554
"2016-08-18",5.78935166131706,52.6295446177246
"2016-08-18",6.37229441618547,63.9933861772297
"2016-08-18",6.56820957586169,55.2152484612307
"2016-08-18",6.45174704194069,58.5775519018061
"2016-08-18",6.18850550735369,57.8076929544332
"2016-08-18",6.18295872081071,54.8434143769555
"2016-08-18",5.36429494861513,49.603598552756
"2016-08-18",6.2130995969288,55.2702112074476
"2016-08-18",6.55454272981733,56.1958584028762
"2016-08-19",6.64076910177246,58.9887971355347
"2016-08-19",6.20039979508147,49.5066424215911
"2016-08-20",6.84670616239309,56.2155413747532
"2016-08-20",5.6619470987469,46.3681373884901
"2016-08-21",6.75479260738939,53.9501810536021
"2016-08-21",5.23952851220966,43.8023267112439
"2016-08-21",5.34909963337705,46.9213034807472
"2016-08-21",6.56303220633418,57.5233723345445
"2016-08-22",5.37945319823921,45.7924065536354
"2016-08-23",5.32306463969871,42.8788912697928
"2016-08-23",5.9033693277277,49.81998402311
"2016-08-24",6.2628075295128,30.4173815664835
"2016-08-24",5.87044734312221,41.7543512176489
"2016-08-24",7.69335673721507,28.8122533134883
"2016-08-24",5.02254172032699,36.2033008286962
"2016-08-25",5.23917730078101,35.1665508061415
"2016-08-25",5.25212121224031,38.3082651346922
"2016-08-25",6.02546063521877,50.824048064067
"2016-08-25",5.10629511950538,40.7293852415169
"2016-08-25",5.59432285064831,46.7505747440737
"2016-08-25",5.27735376926139,42.1106133980211
"2016-08-25",5.96111054373905,52.6044816439971
"2016-08-25",5.84983902312815,53.049708244158
"2016-08-25",5.20439975894987,41.9047128284583
"2016-08-26",5.71332700066268,44.0829959681723
"2016-08-26",5.8291854516603,43.4070297681028
"2016-08-26",5.85280963527038,44.2651505463291
"2016-08-26",5.08162036808208,35.3321978281019
"2016-08-27",5.14877473078668,35.3321978281019
"2016-08-28",6.1763082508929,53.9808470341377
"2016-08-28",5.89173756921663,49.7410555175738
"2016-08-28",5.53298455774784,47.5081358249299
"2016-08-28",4.97499530119822,43.2690558163449
"2016-08-28",5.50881797466427,47.2406285429606
"2016-08-28",6.10305328294634,54.499707048526
"2016-08-28",5.21076446203515,41.9902599012712
"2016-08-28",4.91489512324333,39.5548985023052
"2016-08-28",5.08812602320686,44.6837375649484
"2016-08-29",5.20019622966647,42.8091922441963
"2016-08-29",5.57247117431834,48.2390618184581
"2016-08-29",5.81901778597384,50.1664932246786
"2016-08-29",6.13372419318184,54.3377186278813
"2016-08-29",5.21881132116541,45.616423658561
"2016-08-29",4.94512270400301,44.9166533934185
"2016-08-29",5.19526916919277,40.4395014339825
"2016-08-29",5.03204436292872,42.1089124417631
"2016-08-30",6.10482770986854,53.1164032651577
"2016-08-31",5.62584419623017,49.4788582908222
"2016-08-31",5.47148382272571,48.0024751939345
"2016-08-31",5.23512263605371,39.5114301278954
"2016-08-31",5.91460882043466,36.74175925483
"2016-08-31",5.21040876731276,44.030446454417
"2016-08-31",5.24843256995081,43.2745009742212
"2016-08-31",5.28932657437399,42.21961185697
"2016-08-31",5.0830095121637,45.7511219995795
"2016-08-31",5.92251892639324,49.8637115232414
"2016-08-31",6.0184876694344,51.6228250437416
"2016-09-01",6.23671070532873,51.6228250437416
"2016-09-02",5.48279115837068,40.5316492801066
"2016-09-02",5.80509627945721,42.6196516102646
"2016-09-02",5.26208040127531,34.2735599422595
"2016-09-02",5.04034142652526,37.6374032680178
"2016-09-02",5.76142081096768,45.2165979726706
"2016-09-02",5.27475837115198,38.3288469243562
"2016-09-02",5.44140131529421,41.1415593832498
"2016-09-02",4.96249583661556,35.2796378360363
"2016-09-02",4.93329687900841,36.8531782048522
"2016-09-03",6.33369765300304,57.0674174348824
"2016-09-03",5.86370286904276,40.1029966756469
"2016-09-04",6.00586074972525,48.8013529661112
"2016-09-04",6.46880049221217,56.5752277913271
"2016-09-04",6.24064086265863,49.8970659370534
"2016-09-04",6.10351144140587,50.740649334155
"2016-09-04",6.38763858368621,51.1692778301658
"2016-09-04",6.52389582581818,58.35801851016
"2016-09-04",5.46592855239287,44.1468483048957
"2016-09-05",5.98377490621061,49.6451590190409
"2016-09-05",6.4846051381901,57.9495329501806
"2016-09-05",6.52464806707576,56.4147762655048
"2016-09-05",6.86270676515996,60.8292429295834
"2016-09-05",6.65451979395002,54.9320825618925
"2016-09-05",6.53685830254108,62.302074901876
"2016-09-05",6.18858307087794,50.6031167119509
"2016-09-05",6.58701301719994,63.4278904949315
"2016-09-06",5.80405262093991,46.9507204296533
"2016-09-06",5.7629203563556,41.8792963374872
"2016-09-07",6.34533327165991,58.1929850288434
"2016-09-07",5.19088861327618,41.3508585314266
"2016-09-07",6.56631370959803,57.1949677927187
"2016-09-07",5.38894599983468,42.4246281782398
"2016-09-07",6.2645964646712,51.5135500850156
"2016-09-07",6.52573169134557,52.1169342852663
"2016-09-08",5.31929296301677,40.3469868268585
"2016-09-08",5.90227759862319,47.9655231559882
"2016-09-08",6.05518247401342,49.6636740501272
"2016-09-08",5.82276986930519,42.6930712976027
"2016-09-09",5.27437981413678,39.710494572646
"2016-09-09",6.47343390826136,52.1768412794918
"2016-09-09",5.58326096599921,41.8934164975071
"2016-09-09",6.08150068651884,45.9468161512632
"2016-09-09",5.72490556500852,43.991853677202
"2016-09-09",6.63593709981069,58.1180675242795
"2016-09-09",5.386374615971,40.2551285212394
"2016-09-09",5.36871342221275,39.8103144570487
"2016-09-09",6.41031189141795,53.6854545713868
"2016-09-10",5.60125764366239,43.5198259246536
"2016-09-10",5.3002333712764,36.2336241336307
"2016-09-10",5.87262778608129,48.3057795658242
"2016-09-10",5.81915101688356,46.3281781458063
"2016-09-10",6.06515913968906,46.2220750320703
"2016-09-10",5.28429102320224,38.2020881336648
"2016-09-10",5.08269463526084,34.5369389060652
"2016-09-11",5.33412037678063,40.6577749159187
"2016-09-11",5.14023910593242,37.6711571136257
"2016-09-11",7.75195114240051,31.2966220602393
"2016-09-11",7.42591519104317,31.1360415156232
"2016-09-11",6.13186210654676,46.0979086237494
"2016-09-11",5.07522602416575,36.3888597573387
"2016-09-12",5.06526031829417,36.3888597573387
"2016-09-13",6.89010386699811,59.1661899420433
"2016-09-13",6.18016267437488,52.1914947417099
"2016-09-13",5.42797948922962,44.3652770095505
"2016-09-13",6.78752350592986,61.6317264337558
"2016-09-13",6.1109003411606,50.010121283005
"2016-09-13",6.52921738335863,60.0853212547954
"2016-09-13",6.06392348846421,50.5896806558594
"2016-09-14",6.39711252897978,54.0756364676636
"2016-09-14",5.62556569445878,39.98892597144
"2016-09-14",5.99740072237328,46.99125418521
"2016-09-14",5.39638537196442,42.2649596206611
"2016-09-15",6.4409427203238,55.607916064444
"2016-09-15",6.51064833980054,57.8891650522128
"2016-09-15",6.3894700341858,56.2625810923055
"2016-09-16",6.5787613726221,67.2449296384584
"2016-09-16",6.41700028348714,57.2854074077914
"2016-09-16",6.52487058322877,68.3175274966052
"2016-09-16",6.82960488889367,62.3320110844215
"2016-09-16",6.78978959405795,58.7332643435802
"2016-09-17",6.23809252427891,54.6965704528848
"2016-09-17",6.40977101018652,71.6291631878121
"2016-09-17",6.72464547241106,58.3279395255959
"2016-09-17",6.7594776885584,64.147004304803
"2016-09-17",6.73641876569017,71.0052945378702
"2016-09-18",6.69070565719157,54.5081520926906
"2016-09-18",6.65626465845853,55.9044952932745
"2016-09-18",6.03879356626421,52.7895138794556
"2016-09-18",6.69387041525915,66.8401816814439
"2016-09-18",6.48207440711557,71.3196015376598
"2016-09-18",6.70482568591834,61.5864838899579
"2016-09-18",6.86586568495258,66.5713990398217
"2016-09-18",6.78546451525763,62.9559769479092
"2016-09-19",6.74839762356132,55.485091175884
"2016-09-19",6.9053931010887,60.6928493189625
"2016-09-19",6.73516321768984,61.5564240548993
"2016-09-19",6.52181852590293,51.9236406869022
"2016-09-19",6.57260359218344,55.5899810398696
"2016-09-19",6.77141946339979,60.8812917438336
"2016-09-20",6.02528406837955,49.360439070384
"2016-09-20",5.63622698429972,44.8858443318168
"2016-09-20",5.79538361076266,41.6252853426849
"2016-09-21",5.90780351264402,41.6252853426849
"2016-09-22",6.23482571411878,52.7677855725633
"2016-09-22",6.36311190547421,52.755577417207
"2016-09-22",6.01979728294537,47.2082830746658
"2016-09-23",6.81254197089002,56.8896600701846
"2016-09-23",5.63336486751214,47.7921419667546
"2016-09-23",6.61870967242867,60.2492756093852
"2016-09-23",6.61422104453668,58.192414439749
"2016-09-23",5.82382227862254,49.1530605256557
"2016-09-23",6.58154155015946,56.5951270035002
"2016-09-24",6.56307724285871,56.5951270035002
"2016-09-25",5.13702265722677,39.9003926943988
"2016-09-25",5.41757714431733,44.5297373605426
"2016-09-25",5.59027214581147,49.277789214626
"2016-09-25",5.3285082841292,41.7896512818988
"2016-09-25",5.31636867616326,44.4380277717719
"2016-09-25",6.35013055196032,51.7356551470002
"2016-09-25",5.40502906460315,38.6484345181379
"2016-09-25",6.61387225827202,54.2300319497008
"2016-09-25",5.31003659926355,39.2441416302463
"2016-09-26",6.24294012133032,50.420910919318
"2016-09-26",6.5475196651183,60.1001089675119
"2016-09-26",6.14776202496141,49.2733874340774
"2016-09-26",6.40858718352392,52.2647097709123
"2016-09-26",6.71133685074747,57.8802577431779
"2016-09-26",6.11722651524469,50.131201494718
"2016-09-26",5.94156986670568,47.7629182728706
"2016-09-26",6.04221968222409,47.9492599347141
"2016-09-26",6.13865491831675,50.6004929307383
"2016-09-27",6.05979352593423,48.5633851350285
"2016-09-27",5.84343003751711,47.238974191132
"2016-09-27",5.90404894445092,47.7089519506553
"2016-09-27",6.37951240930707,51.688454241259
"2016-09-27",6.58131115585565,56.9754014748614
"2016-09-27",6.41674164738507,50.8754073184682
"2016-09-27",6.43640151023865,52.1952974105952
"2016-09-27",5.95014619920403,46.5096024872037
"2016-09-27",6.37148350207136,53.0695878209081
"2016-09-27",6.08567850347609,49.4301645784872
"2016-09-28",5.89840569514782,47.9603333470877
"2016-09-28",6.78972662659362,55.5229344923282
"2016-09-28",5.92693556873128,47.8930677869357
"2016-09-28",6.60454844404012,63.50655996555
"2016-09-28",5.56326191034168,49.0008217477007
"2016-09-29",5.43800215814262,49.3234149516793
"2016-09-29",6.52462947005406,59.541841593571
"2016-09-29",5.3210641684942,45.4848519297084
"2016-09-29",5.44731930075213,48.2972382298904
"2016-09-29",5.92368032932282,55.1797883184627
"2016-09-30",6.36761904424056,65.417594118393
"2016-09-30",5.5239194422029,51.0659850923112
"2016-09-30",5.49072110308334,51.9842544712592
"2016-10-01",6.30131688676775,57.2024598929565
"2016-10-01",5.13563768882304,41.754741209792
"2016-10-01",6.09761840663851,56.0143150059739
"2016-10-01",6.19495046883822,57.1382412185194
"2016-10-02",6.45361065408215,64.7763998006703
"2016-10-02",6.25578194251284,53.9453369530383
"2016-10-02",6.29322713315486,53.9401914109476
"2016-10-02",5.74011668879539,51.9329668772407
"2016-10-02",6.48360457029193,57.6639820752898
"2016-10-03",6.33563438039273,65.5043217021739
"2016-10-03",6.40197532344609,55.6168582544196
"2016-10-03",6.64286754596979,68.2990987326484
"2016-10-03",6.28806583601982,67.3326088053873
"2016-10-03",6.34146409751847,66.1991083513713
"2016-10-03",5.98640293106437,53.2310699649388
"2016-10-04",6.25009738467634,58.9602892923867
"2016-10-04",6.42839436093346,67.647392365383
"2016-10-04",6.37402344280854,60.2325880349381
"2016-10-05",6.46891878843308,48.1933055152185
"2016-10-05",6.88782972358167,55.3686234734487
"2016-10-05",7.61436345968396,57.8070004080655
"2016-10-05",6.93957657320425,54.6438758926233
"2016-10-05",6.59390897834674,53.7038117357297
"2016-10-06",6.47950682574883,52.635229581967
"2016-10-06",6.45415815068409,50.3504390948219
"2016-10-06",7.89716776646673,64.6239770858083
"2016-10-06",7.89281581416726,66.0373940352583
"2016-10-06",7.47865432277322,59.0872126963222
"2016-10-06",7.65942549584433,62.0636552167125
"2016-10-07",7.7652165831998,67.767154364381
"2016-10-08",8.61154279988259,69.7548970051575
"2016-10-08",8.6373620228842,67.3710073763505
"2016-10-08",8.74107450554147,73.3115557832643
"2016-10-08",8.79178235856816,72.8951958499383
"2016-10-08",7.8666479030624,64.2234985843534
"2016-10-08",8.69233595700934,70.5504688664805
"2016-10-08",6.81534480135887,59.3038531555794
"2016-10-08",6.84577110484242,60.9503599518212
"2016-10-08",7.65380552262067,63.0727933422895
"2016-10-09",6.7068971763365,53.7253652001964
"2016-10-09",7.96779399821535,60.9501162209781
"2016-10-09",9.23592831017449,67.4463218174642
"2016-10-09",6.60898983357474,51.4469055145746
"2016-10-10",6.57327358601615,54.5824967540102
"2016-10-10",9.02450779825448,67.5238165000919
"2016-10-10",7.24918234869838,61.3033885413315
"2016-10-10",7.8908001396805,61.6094012705144
"2016-10-10",8.46009383313358,64.1626025207806
"2016-10-10",8.87447499176487,71.0284384622937
"2016-10-10",8.61060197046027,73.1646980528021
"2016-10-10",8.74820323828607,68.3777407192392
"2016-10-11",8.35854391241446,67.6035154737765
"2016-10-11",7.48406809661538,55.0020366833778
"2016-10-11",8.6186513794586,67.8537915210472
"2016-10-11",8.05701746772974,58.3444677292136
"2016-10-11",7.06603162176907,54.3951049271272
"2016-10-12",8.21713130110874,68.8202676880173
"2016-10-12",7.6490347545594,54.2480205975007
"2016-10-13",5.64556345995515,43.9246950953966
"2016-10-14",10.9681378366426,58.8531717745354
"2016-10-14",9.69759744778275,53.9053316463251
"2016-10-14",11.1924128049985,60.7104613918345
"2016-10-15",9.27207450503483,71.4625771311112
"2016-10-15",10.4733820968308,55.6528964648023
"2016-10-15",10.7161786596291,56.9996750369901
"2016-10-16",10.368927633483,60.2221229542047
"2016-10-16",10.1123675362207,55.496882273932
"2016-10-16",8.01496468791738,73.6070943558589
"2016-10-16",9.90308877658099,65.6814871318638
"2016-10-16",10.1483995687217,61.4070970444009
"2016-10-16",10.2843168677762,57.2966235615313
"2016-10-16",10.1307602892629,55.9256231761537
"2016-10-16",10.1082996633835,63.0797187936259
"2016-10-16",10.365275023412,60.1747311780928
"2016-10-17",10.8275785207749,59.2324855884071
"2016-10-17",10.5652079388499,68.4662201879546
"2016-10-18",10.7480093264021,64.8152603501221
"2016-10-18",10.4898962784559,60.8723894176073
"2016-10-18",10.1270775918849,68.4411742347293
"2016-10-18",10.816097445041,63.6269202255644
"2016-10-18",7.67855281839148,54.3695077920565
"2016-10-18",10.6848374441266,59.4950919598341
"2016-10-18",10.6686143101193,66.1922603886342
"2016-10-18",10.2860796137713,66.8643260051031
"2016-10-18",10.6728724984452,63.0167333156569
"2016-10-18",8.02551356339828,72.7231837861473
"2016-10-19",8.46420835806057,55.63593096775
"2016-10-19",10.5489322781563,66.0673073080834
"2016-10-19",10.3940834588371,58.9133487591753
"2016-10-19",8.40587943550199,55.2172070262022
"2016-10-19",7.55652785617858,73.0680493538966
"2016-10-19",8.4480978003703,56.8127962560393
"2016-10-20",11.2370083780959,58.3269752007909
"2016-10-20",10.9821642406285,55.5991827648832
"2016-10-20",6.99449222628027,71.4506414528005
"2016-10-20",11.4872303234413,61.0033192803385
"2016-10-20",11.4429644433781,60.2146036212798
"2016-10-20",8.89167874511331,69.330479545868
"2016-10-20",10.0050639906898,66.3509222955909
"2016-10-21",11.2257286766544,60.9811843343778
"2016-10-21",9.45171717517078,65.783213357674
"2016-10-21",8.461680580955,67.1118323291885
"2016-10-21",7.1054667763412,71.8517006633338
"2016-10-22",10.7414706255309,59.1678000966785
"2016-10-22",8.38338573444635,68.2544473871822
"2016-10-22",10.2139576889574,54.2650135882432
"2016-10-22",10.5949443221092,58.4465057083871
"2016-10-23",10.9726407244802,59.0934723350219
"2016-10-23",11.1152654035017,62.4078510529362
"2016-10-23",10.7905804504641,63.4796067816205
"2016-10-23",10.6114545568824,55.9638890601927
"2016-10-23",10.246531074401,68.1571969126817
"2016-10-23",9.85516555737704,68.0582299361704
"2016-10-24",12.015046691522,55.5991754012648
"2016-10-24",10.9488357869908,63.2415889471304
"2016-10-24",11.4258379090577,58.8824897470186
"2016-10-24",11.4174248553812,61.0117605887353
"2016-10-24",10.8905987151898,64.4354378840653
"2016-10-24",11.0063030132092,63.8397999282461
"2016-10-24",11.0460563108325,65.1373026740039
"2016-10-24",12.1797515450977,57.2663800319424
"2016-10-24",11.9472280724905,53.5699361352017
"2016-10-25",11.9302961334586,54.4831107683713
"2016-10-25",9.24242909597233,67.9776782484259
"2016-10-26",10.0524886020459,59.2444591246312
"2016-10-26",11.1523415192962,58.2003601228353
"2016-10-27",9.93121058437973,58.5742615422932
"2016-10-27",9.87059216527268,61.2446432982106
"2016-10-27",10.7139504491352,58.4100186291616
"2016-10-27",11.6408701486886,56.4475495786173
"2016-10-27",7.45390100441873,71.3233860224718
"2016-10-27",10.4990028504282,65.2265203209827
"2016-10-28",10.3010575221851,65.2265203209827
"2016-10-29",9.34434557557106,63.0616273337509
"2016-10-29",10.0361379249953,60.0903866448207
"2016-10-29",7.36141198463738,71.4838537016185
"2016-10-30",8.95345455445349,57.9764547054656
"2016-10-30",8.97209291318431,58.5558483474888
"2016-10-30",8.84793380610645,65.3843152032932
"2016-10-30",8.96887233462184,59.4707731036469
"2016-10-30",8.04042006572709,66.9612195316004
"2016-10-30",8.75261895200238,64.766172214644
"2016-10-31",9.16972663477063,63.1963543042075
"2016-11-01",8.95367802558467,66.499582564109
"2016-11-01",8.97199393054471,60.8427754512522
"2016-11-01",8.82532710777596,60.0541829859139
"2016-11-01",9.00050638932735,57.9265935427975
"2016-11-01",9.11477817352861,67.4485778525705
"2016-11-01",7.07245378307999,70.5837153735338
"2016-11-01",8.85836925422773,65.6423204870662
"2016-11-02",10.131666599214,65.8061158315977
"2016-11-02",9.30168880186975,55.5663444043603
"2016-11-03",9.32291520917789,55.5663444043603
"2016-11-04",10.1371929149143,62.2781882557319
"2016-11-05",10.039929160662,59.6655582170933
"2016-11-05",9.49779837122187,63.4383184034377
"2016-11-05",8.7698004332371,67.0512554363813
"2016-11-05",9.3700896192342,64.8007579239784
"2016-11-05",9.9468241404742,62.3448904594406
"2016-11-06",7.03665240276605,69.6846119385445
"2016-11-06",9.09120232015849,65.303457589238
"2016-11-06",9.87848505079747,59.929714817903
"2016-11-06",9.60984982242808,62.4511333187111
"2016-11-07",8.18256666138768,69.1924086884828
"2016-11-07",7.55167912505567,71.4120290891733
"2016-11-07",7.5721575002186,70.8494045169791
"2016-11-07",8.06300599388778,66.9268335750094
"2016-11-07",7.40866132332012,71.658411989687
"2016-11-07",9.90900425426662,61.2643498122925
"2016-11-07",9.83555246833711,59.8077848684043
"2016-11-07",8.92853563399986,66.315484565217
"2016-11-07",9.77967179697007,61.9568709256127
"2016-11-08",9.18478012634441,63.3695594756864
"2016-11-08",8.88271532934159,56.3376901668962
"2016-11-08",8.82633556192741,50.8530595719349
"2016-11-08",8.35460623214021,68.5576758251991
"2016-11-08",9.80262826569379,61.0701992902905
"2016-11-08",8.22092432836071,67.8253372565378
"2016-11-08",9.18118191510439,65.4159488521982
"2016-11-08",8.63217182187363,51.8996724175522
"2016-11-08",9.70773789454251,61.8822724632919
"2016-11-08",8.36253663292155,68.9610053779325
"2016-11-09",9.80273895245045,63.8516206371132
"2016-11-09",9.07300561666488,69.1307065368164
"2016-11-09",9.99244530107826,59.1299350949703
"2016-11-09",9.53263599723578,66.2541477360064
"2016-11-09",9.947843177896,59.3616145112319
"2016-11-09",9.28081601541489,52.7703272622311
"2016-11-10",9.32827214691788,52.7703272622311
"2016-11-11",8.83227704800665,56.0607105568051
"2016-11-11",8.86741339256987,58.0757925334619
"2016-11-11",9.13470139056444,57.4356720420765
"2016-11-11",9.12516339924187,52.7860331151169
"2016-11-11",9.76348240152001,62.5743311933475
"2016-11-11",9.14916107878089,69.058182163164
"2016-11-11",9.22751010516658,54.3278308198787
"2016-11-11",9.72370920358225,63.3516032254556
"2016-11-11",8.94780477629974,57.5038552941987
"2016-11-11",9.80586744593456,64.9362580251181
"2016-11-12",9.21792771415785,69.872552252491
"2016-11-12",10.117091083806,55.0984439108288
"2016-11-13",8.67176090357825,71.2568647941807
"2016-11-13",9.93035496743396,53.6651215068996
"2016-11-13",9.97565180175006,65.4604767671553
"2016-11-13",9.80207861447707,55.3105022796663
"2016-11-13",8.54740630714223,70.6702915243804
"2016-11-13",8.80299886250868,67.3742427462712
"2016-11-13",9.80427641030401,56.6665987991728
"2016-11-13",9.99328675102443,56.1659927852452
"2016-11-13",9.3111597046256,58.0883623978589
"2016-11-14",9.37712060492486,60.4265857868595
"2016-11-15",9.85688770534471,57.6380505107809
"2016-11-15",9.72090667607262,59.5053104064427
"2016-11-15",9.20259000509977,63.2379544469295
"2016-11-15",9.89901096224785,59.0025817956775
"2016-11-15",8.91997250849381,66.5365370956715
"2016-11-15",9.57091059163213,55.363406357239
"2016-11-15",9.36413397826254,62.6007693294669
"2016-11-15",9.02345545114949,68.9329368756153
"2016-11-15",9.8739272011444,60.1799819146981
"2016-11-16",8.99413625169546,63.2711178096943
"2016-11-16",9.63608994465321,60.9579812620068
"2016-11-16",9.5151445989497,58.8434406508459
"2016-11-16",9.01998296566307,67.0999742933782
"2016-11-16",9.44267862746492,59.2915720376186
"2016-11-16",8.19079886628315,70.1531752096489
"2016-11-16",9.37493806546554,61.9809332585428
"2016-11-16",8.78416906250641,55.7836100700079
"2016-11-17",9.163357859198,68.8744409674546
"2016-11-17",9.22085177786648,67.3519545661984
"2016-11-17",9.7704157775268,65.9575684722513
"2016-11-17",9.55141159612685,58.4107173494995
"2016-11-17",7.18891606824473,71.7821620997274
"2016-11-17",10.2690581365488,59.5581948107574
"2016-11-18",10.1548554385081,63.9325580775039
"2016-11-18",9.76425898838788,65.8533089734847
"2016-11-18",8.58084149817005,69.6840990001801
"2016-11-19",9.81175148105249,65.0281424698187
"2016-11-19",10.3371590293944,61.4958453929285
"2016-11-19",8.77490318175405,67.8971531921998
"2016-11-19",8.23944028131664,70.0864253370091
"2016-11-19",9.72512285681441,64.5280967525905
"2016-11-19",8.83704976830632,68.0492468317971
"2016-11-19",10.3451365358196,59.4465947612189
"2016-11-19",10.1608078891412,62.2760062710149
"2016-11-19",7.5108461195603,73.9598716910696
"2016-11-19",10.0603330752813,56.6284250711324
"2016-11-20",9.1473743095994,55.6223508778494
"2016-11-21",10.3234673850238,57.3612268689321
"2016-11-21",8.76892502522096,67.5642222964671
"2016-11-21",7.22978120455518,75.0656768874032
"2016-11-21",9.30087444782257,65.9029498107266
"2016-11-21",8.60634119044989,70.15097245574
"2016-11-22",11.0521360437386,59.2104224276263
"2016-11-22",9.95092475740239,65.2419904767303
"2016-11-22",9.9215849720873,63.3999228160828
"2016-11-22",7.70361177893355,73.549774418585
"2016-11-22",11.1830852434039,57.2523183638696
"2016-11-22",9.95543433418498,64.2653852344956
"2016-11-22",10.890820456855,60.0748921999475
"2016-11-22",7.90449515227228,70.7211651798571
"2016-11-23",10.061272950191,61.7341666013235
"2016-11-23",7.87658776426687,72.3570890682749
"2016-11-23",8.84473111154511,67.1621761837741
"2016-11-24",7.92500245077535,73.057712752372
"2016-11-24",9.86085901902989,63.106514647021
"2016-11-24",9.8664468887262,58.3915570647223
"2016-11-25",9.31804472552612,66.3581650888082
"2016-11-25",10.1084566462785,58.307584355236
"2016-11-25",9.82708190353588,58.3841407531872
"2016-11-26",9.09778451193124,52.9624969054712
"2016-11-26",9.53397746710107,64.6603278778493
"2016-11-26",8.73694910788909,67.4071508968482
"2016-11-26",10.1018207490445,62.0892024225323
"2016-11-27",9.03742142831907,52.4043076264206
"2016-11-27",9.05617177179083,53.6280917248223
"2016-11-27",10.6116389935836,60.0379559758585
"2016-11-27",9.03575732139871,51.8227751245722
"2016-11-27",9.20993331214414,51.430802708026
"2016-11-27",9.68250792073086,58.1677777547156
"2016-11-27",10.6113989068195,59.7357363183983
"2016-11-27",9.93556704847141,62.0593292724807
"2016-11-27",9.13847959171981,64.007737612701
"2016-11-27",9.28311028471217,64.1719544015359
"2016-11-28",8.54223076505586,68.882624624297
"2016-11-28",8.24902944173663,67.0103136271937
"2016-11-28",8.3385688547045,67.6273578153923
"2016-11-28",9.36471219845117,56.3106798098888
"2016-11-28",10.8647169751116,58.8736234160606
"2016-11-28",10.7162380089984,59.8492621682817
"2016-11-28",8.40110037447884,66.7281999712577
"2016-11-29",8.92491616765037,52.2815191812115
"2016-11-29",9.46290960470215,57.8164723678492
"2016-11-29",9.20483334148303,54.3512278613634
"2016-11-29",9.26425183527171,53.6601112263743
"2016-11-29",9.47957991287112,60.9984477744438
"2016-11-30",9.77049454068765,55.2266632633982
"2016-11-30",9.79209867110476,61.7079678543378
"2016-11-30",9.10895646046847,50.403029310517
"2016-11-30",9.61657995926216,64.0906360156368
"2016-12-01",9.09403230315075,47.6556701046648
"2016-12-01",9.13131954129786,44.8050383607624
"2016-12-01",9.84850752595812,58.1748261976754
"2016-12-02",9.6350646966137,59.3655503042974
"2016-12-02",8.77425777558238,44.646365431603
"2016-12-02",9.71385354856029,50.7095101551386
"2016-12-02",8.98183979960158,46.2109772431431
"2016-12-02",9.91012507881969,53.7269179472933
"2016-12-03",8.63106604991481,43.3611620408483
"2016-12-03",9.1439001461491,50.8116485375213
"2016-12-03",9.01796287707985,45.3547196037835
"2016-12-03",9.26323395958171,51.1095821894705
"2016-12-03",9.63160629998893,59.9634217610583
"2016-12-04",9.50506620975211,51.0433925234247
"2016-12-05",8.65840344009921,36.7450155303814
"2016-12-06",8.39654893744737,39.5709189937916
"2016-12-06",8.64230705257505,48.8346101482166
"2016-12-06",8.32188175152987,39.1735802952899
"2016-12-06",9.35099168019369,50.9885452135932
"2016-12-06",9.6633801240474,54.1069087567739
"2016-12-07",8.40999779263511,45.8782643883023
"2016-12-07",8.22497888859362,35.261069843662
"2016-12-07",8.11259741764516,35.4936070212862
"2016-12-07",8.403090581391,34.4608361256542
"2016-12-07",8.32185065532103,46.486398216337
"2016-12-08",9.5302607790567,51.0604590300936
"2016-12-08",8.11771741593256,43.6357587670209
"2016-12-08",8.33982797898352,40.5722522106953
"2016-12-08",9.68815143052489,52.872889879276
"2016-12-08",8.09317345898599,39.7652481319383
"2016-12-08",8.25023029213771,40.7542823238764
"2016-12-08",8.46732470905409,45.88317632291
"2016-12-09",8.15717949410901,48.6034677254502
"2016-12-09",9.67722675669938,52.7910778026562
"2016-12-10",8.19497720506042,40.7893358063884
"2016-12-10",8.16786945192143,34.5463615353219
"2016-12-10",8.2827274040319,42.1900377237471
"2016-12-10",7.93965369341895,44.8366041322006
"2016-12-10",9.87872390495614,50.1570089805173
"2016-12-10",8.12351379562169,36.0353633485502
"2016-12-10",8.1957076381892,40.66498141177
"2016-12-10",8.08628654554487,45.5646450134227
"2016-12-10",8.2118464147672,42.8816384936217
"2016-12-11",8.14388044988737,33.2064180943416
"2016-12-11",7.93633568407968,31.6629695555894
"2016-12-11",7.8560598297976,43.3083225092851
"2016-12-11",8.05802633985877,35.2332501976052
"2016-12-11",8.14637613063678,38.477427232312
"2016-12-11",7.85783301368356,36.396125847823
"2016-12-11",9.03785200789571,47.5473614563234
"2016-12-11",8.07869742931798,37.388071214431
"2016-12-11",7.87308789324016,36.0780506673036
"2016-12-12",7.91649007927626,38.3083511968143
"2016-12-12",8.09657760290429,31.6217097744811
"2016-12-12",8.04476296510547,43.9908185800305
"2016-12-12",8.07176312170923,33.0580651867203
"2016-12-13",7.97822123160586,31.8106811853359
"2016-12-13",7.85003506196662,45.5793756234925
"2016-12-13",7.77959850309417,43.5089905174682
"2016-12-13",8.1404330721125,40.0379640966421
"2016-12-13",8.51895516738295,48.7954520361964
"2016-12-13",7.77819924941286,42.2569704673951
"2016-12-13",8.15076964246109,36.8232864597812
"2016-12-14",8.45727260885761,47.7510332841193
"2016-12-14",8.57835516231135,47.9590489591938
"2016-12-14",7.89270613500849,39.9712547038216
"2016-12-14",8.08557182839141,39.0105806061765
"2016-12-14",7.98428788539022,38.0700154021615
"2016-12-14",8.48428602023051,47.708453227533
"2016-12-14",8.09309790357947,36.7059777684044
"2016-12-14",8.10006886292249,44.7987134598661
"2016-12-15",7.95628130566329,43.4032255791826
"2016-12-15",7.77736086761579,43.6719255120261
"2016-12-16",7.54389733690769,33.8587905684253
"2016-12-16",8.00604750001803,46.0442716696998
"2016-12-16",7.6787237636745,41.8614850121085
"2016-12-16",7.90224450519308,40.6856215683511
"2016-12-16",7.74661108404398,34.7986012006877
"2016-12-16",7.84534807270393,37.9720899338135
"2016-12-17",9.18259769249707,48.961116379709
"2016-12-18",7.48051366759464,37.0627055835212
"2016-12-18",10.2949313666672,53.5663093852345
"2016-12-18",7.5349370829761,38.3027532597771
"2016-12-18",7.6910515348427,41.6134637159994
"2016-12-18",7.81427322980016,44.4945452300599
"2016-12-18",10.4869998855516,53.5904399404535
"2016-12-18",7.77574952570721,37.1595972720534
"2016-12-18",7.80424017067999,42.1431754654041
"2016-12-19",7.649338589143,44.1024412923725
"2016-12-19",7.63223652970045,42.2272676144494
"2016-12-19",9.43838505940512,49.2630796716549
"2016-12-19",7.83269842285662,42.5787026819307
"2016-12-19",7.64731216151267,35.5059890295379
"2016-12-20",7.33748833928257,35.78324639122
"2016-12-20",7.03742472473532,35.3896979585988
"2016-12-21",7.37900323336944,37.9735918663209
"2016-12-21",10.2546593181789,46.8969140582485
"2016-12-21",7.23036532495171,31.4344959633891
"2016-12-21",7.19662612406537,38.8993032964645
"2016-12-21",8.72928690966219,45.5957404038636
"2016-12-21",10.3800391129218,46.9778189166682
"2016-12-21",7.1431175143458,39.5433373155538
"2016-12-22",7.76274998597801,45.1426688063657
"2016-12-23",9.69294238789008,45.831377742812
"2016-12-23",6.85056999055668,35.7184054749086
"2016-12-23",8.34141226271167,44.6501287121791
"2016-12-23",6.87416525324807,31.0309323689435
"2016-12-23",6.78101974902674,38.1641459470848
"2016-12-23",6.96035037096589,41.3798903306015
"2016-12-23",6.98415253488347,37.386981000076
"2016-12-23",8.10536811081692,44.3417325926712
"2016-12-24",10.4555419378914,46.2288103178144
"2016-12-24",6.84439944690093,37.4961798735894
"2016-12-24",10.1505541569553,44.5059837087756
"2016-12-24",10.4197829470038,43.5368316866225
"2016-12-24",6.90267436681315,32.1831474616192
"2016-12-24",7.40211861357093,39.9757866236614
"2016-12-25",10.1419031443074,42.9897218316328
"2016-12-25",6.47792223552242,31.2774133224739
"2016-12-25",6.53328582299873,36.2618950242177
"2016-12-25",6.85347824860364,24.8014992717654
"2016-12-25",9.66578985052183,39.9525041859597
"2016-12-25",9.72136845877394,40.2651422029594
"2016-12-25",6.51263854186982,32.5622207405977
"2016-12-25",6.68640191797167,26.501919415663
"2016-12-25",6.7509743116796,37.2112181058619
"2016-12-26",6.68951729070396,24.9620125947986
"2016-12-26",6.35507245333866,24.0878958425019
"2016-12-26",6.61361236628144,32.5442891401472
"2016-12-26",10.1474565220065,40.4612407272216
"2016-12-26",6.67896985178813,29.8452504745219
"2016-12-26",6.52050396371633,29.2500361282146
"2016-12-27",6.75810653846711,30.9512779460056
"2016-12-27",6.68531106021255,32.2807534711901
"2016-12-27",6.58805480999872,37.8545741313137
"2016-12-27",6.69689672775566,40.9583878214471
"2016-12-27",9.81281446153298,45.2488380041905
"2016-12-28",6.83754323506728,31.9640841466608
"2016-12-28",6.70616338467226,28.7863641491858
"2016-12-28",6.79121268028394,35.356595160556
"2016-12-28",6.83976135253907,36.18855642376
"2016-12-28",6.66613029772416,25.2297394134803
"2016-12-28",6.79016182944179,32.5563697885955
"2016-12-28",6.75041456734761,38.8012725221924
"2016-12-28",6.82087855450809,24.211125380476
"2016-12-29",6.33487544450909,14.3076416130643
"2016-12-29",6.48617330417037,11.7394254527753
"2016-12-30",6.2413768406026,21.6171468079556
"2016-12-30",6.45753318825737,16.8204365534475
"2016-12-30",6.32337129050866,15.932731266832
"2016-12-30",6.50163962189108,9.77663670422044
"2016-12-30",6.16336844572797,21.5164625244215
"2016-12-30",6.40642218571156,17.0398407556349
"2016-12-30",6.46956319538877,14.7320892999414
"2016-12-30",6.33790657659993,6.57149022235535
"2016-12-30",6.15799237918108,18.0690182574326
"2016-12-30",6.34677527686581,5.89662834815681
"2016-12-31",6.15347132384777,19.3464573891833
"2016-12-31",6.19521476216614,15.0610555474414
"2016-12-31",6.11463017696514,17.5484521959443
"2016-12-31",6.03092865468934,17.9410971428733
"2017-01-01",5.78793685622513,8.44789474806748
"2017-01-01",5.80912486212328,11.0402807135833
"2017-01-01",5.8093666032888,10.6313991167117
"2017-01-02",4.98969386899843,11.4261507279007
"2017-01-02",4.92476865584031,3.48598541948013
"2017-01-03",4.89858317952603,5.84470247733407
"2017-01-04",4.38903955565766,6.79076276056003
"2017-01-05",4.50932477572933,6.79076276056003
"2017-01-06",4.67115458892659,10.2307737160008
"2017-01-06",4.80256792102009,6.53048502560705
"2017-01-07",4.7156103817746,6.53048502560705
"2017-01-08",4.14392604976892,8.46962324297056
"2017-01-09",4.19250166313723,8.46962324297056
"2017-01-10",3.53843716839328,5.43020418903325
"2017-01-10",3.48479298474267,8.26085204456467
"2017-01-11",2.95161704029888,3.19153848593123
"2017-01-12",1.86615925952792,7.82040399161633
"2017-01-13",1.63092723526061,7.82040399161633
"2017-01-14",1.62538299988956,2.58780785137787
"2017-01-15",1.66678439294919,3.77476603875402
"2017-01-15",1.48945715976879,4.84538258647081
"2017-01-16",1.60467695230618,4.84538258647081
"2017-01-17",1.35203869510442,4.84538258647081
"2017-01-18",1.56348762074485,4.84538258647081
"2017-01-19",1.66539279250428,4.84538258647081
"2017-01-20",1.61419355850667,4.84538258647081
"2017-01-21",0.922355981077994,4.81443516293075
"2017-01-21",1.16052164761349,6.92088532820344
"2017-01-22",1.05017904015258,6.25717099499889
"2017-01-23",1.12345289066434,4.49795882240869
"2017-01-23",0.971944081131374,8.33605312346481
"2017-01-23",1.1073826123029,7.01028214523103
"2017-01-24",0.992135692480949,13.9838534351438
"2017-01-25",0.852409769687802,7.5240856265882
"2017-01-25",0.919245600420982,7.06402028969023
"2017-01-25",0.846336825750769,11.3935594349168
"2017-01-25",0.681154340878129,3.08494285715278
"2017-01-25",0.935872082412243,12.6453015295556
"2017-01-25",0.965974612534046,6.03728530975059
"2017-01-25",0.967552606575191,13.6316068720771
"2017-01-26",0.940057382639497,12.1694578010356
"2017-01-27",0.806050243135542,2.60722413240001
"2017-01-27",0.84328617490828,11.9534614856821
"2017-01-28",0.300610412843526,5.41773503727745
"2017-01-29",0.2846140823327,6.90156738169026
"2017-01-30",0.540127802547067,6.90156738169026
"2017-01-31",0.362098434381187,3.7419846423436
"2017-02-01",0.608043687976897,10.2446527117863
"2017-02-01",0.413003312144428,8.67724595463369
